"","length","width","baffle_num","lm_cost","nn_efficiency"
"1",140,14,0,42413.084362398,98.4
"2",150,15,1,45919.9876760341,99.9
"3",150,15,7,48415.3889264288,99.9
"4",160,16,5,50671.2086138301,99.9
