"","length","width","baffle_num","lm_cost","nn_efficiency"
"1",140,14,0,82871.0378176724,98.4
"2",140,14,3,84485.5062917705,99.9
"3",140,14,7,86118.8418602562,99.9
"4",150,15,1,90880.1162366731,99.9
"5",160,16,0,97657.0956205149,99.8
"6",170,17,1,105302.671694964,99.9
"7",170,17,7,107752.675047693,99.9
"8",180,18,9,115780.620561081,99.9
